,Hedge,HedgeContext,FativeVerb,FactiveVerbContext,AssertiveVerb,AssertiveVerbContext,ImplicativeVerb,ImplicativeVerbContext,ReportVerb,ReportVerbContext,StrongSub,StrongSubContext,WeakSub,WeakSubContext,PositiveWord,PositiveWordContext,NegativeWord,NegativeWordContext,BiasLexicon,bjp_count,congress_count
0,1.836734694,6.93877551,0.612244898,2.448979592,4.489795918,17.34693878,0.612244898,2.448979592,7.346938776,27.55102041,8.979591837,29.3877551,12.85714286,40.81632653,4.489795918,16.53061224,4.285714286,15.91836735,24.89795918,2.448979592,1.428571429
1,3.910614525,14.24581006,0.279329609,1.117318436,3.072625698,12.29050279,1.117318436,4.469273743,6.145251397,22.62569832,8.659217877,29.32960894,20.11173184,60.05586592,5.027932961,17.03910615,2.51396648,9.217877095,24.02234637,5.027932961,1.117318436
2,2.452316076,9.809264305,0.544959128,1.907356948,4.359673025,17.16621253,0.817438692,3.269754768,4.632152589,18.25613079,13.07901907,39.23705722,21.52588556,61.58038147,4.632152589,15.53133515,10.08174387,32.42506812,25.34059946,3.269754768,0.817438692
3,4.64344942,17.74461028,1.824212272,7.131011609,5.970149254,22.55389718,0.497512438,1.824212272,7.960199005,28.19237148,10.28192371,32.66998342,17.24709784,51.74129353,4.145936982,15.09121061,5.638474295,20.89552239,29.68490879,3.980099502,0.829187396
4,1.411764706,4.705882353,0.235294118,0.941176471,3.294117647,11.76470588,0.941176471,3.764705882,6.823529412,24,8,28.70588235,14.82352941,46.58823529,4.235294118,15.76470588,4.705882353,17.88235294,26.35294118,2.823529412,1.411764706
5,1.897533207,7.210626186,3.225806452,12.33396584,2.65654649,10.056926,0.948766603,3.795066414,10.43643264,36.81214421,8.538899431,29.22201139,13.47248577,41.36622391,4.743833017,18.40607211,5.123339658,18.78557875,24.09867173,6.072106262,0.569259962
6,0.66518847,2.66075388,0.66518847,2.66075388,4.87804878,17.96008869,0.66518847,2.66075388,7.317073171,26.16407982,5.764966741,20.17738359,12.63858093,41.68514412,5.764966741,20.62084257,3.54767184,13.08203991,26.82926829,4.87804878,1.10864745
7,2.475247525,9.900990099,0.495049505,1.98019802,2.475247525,9.405940594,1.485148515,5.940594059,6.930693069,24.75247525,9.900990099,34.15841584,21.78217822,58.91089109,7.425742574,25.74257426,3.96039604,13.86138614,29.20792079,2.97029703,0.99009901
8,6.467661692,23.38308458,0.497512438,1.990049751,5.970149254,23.88059701,1.990049751,7.960199005,9.950248756,35.32338308,15.92039801,48.75621891,23.88059701,67.66169154,7.462686567,24.87562189,10.94527363,37.31343284,28.35820896,6.467661692,0.995024876
9,1.739130435,6.086956522,0.434782609,1.739130435,1.304347826,5.217391304,0,0,8.695652174,32.17391304,16.95652174,53.47826087,16.08695652,47.82608696,4.782608696,16.52173913,9.130434783,31.73913043,31.30434783,2.173913043,2.173913043
10,2.092050209,8.368200837,0.836820084,3.347280335,2.510460251,9.623430962,2.092050209,8.368200837,7.531380753,25.52301255,17.57322176,51.0460251,17.15481172,53.55648536,10.46025105,36.40167364,9.205020921,30.54393305,26.35983264,1.255230126,0.418410042
11,2.460456942,9.666080844,0.878734622,3.514938489,2.987697715,10.89630931,1.230228471,4.920913884,5.623901582,19.85940246,7.381370826,25.83479789,15.46572935,46.0456942,7.205623902,24.78031634,5.975395431,21.26537786,20.91388401,1.405975395,1.054481547
12,0.264200793,1.05680317,0.660501982,2.642007926,2.245706737,8.454425363,1.453104359,5.680317041,4.359313078,15.58784676,5.019815059,18.62615588,11.62483487,37.91281374,3.170409511,11.75693527,5.019815059,17.7014531,21.13606341,1.849405548,0.660501982
13,3.053435115,11.45038168,0.381679389,1.526717557,3.435114504,13.35877863,0.381679389,1.526717557,5.34351145,19.84732824,15.64885496,48.85496183,12.21374046,41.60305344,4.198473282,16.79389313,8.778625954,27.09923664,25.95419847,1.526717557,0.381679389
14,1.046025105,4.184100418,0.418410042,1.673640167,2.510460251,9.414225941,0.836820084,3.347280335,8.786610879,32.21757322,7.112970711,26.56903766,9.832635983,33.05439331,3.765690377,14.64435146,5.439330544,19.87447699,22.59414226,2.719665272,2.928870293
15,2.734375,10.546875,0.78125,3.125,2.5390625,9.9609375,1.5625,6.25,7.421875,26.5625,14.0625,42.3828125,16.2109375,50.1953125,4.8828125,18.1640625,7.8125,26.953125,23.046875,1.171875,0.78125
16,1.5625,5.208333333,0.520833333,2.083333333,1.041666667,4.166666667,3.125,11.97916667,5.729166667,19.27083333,11.45833333,34.89583333,16.14583333,46.875,8.854166667,30.72916667,8.333333333,22.91666667,30.72916667,2.604166667,0.520833333
17,3.265306122,11.42857143,0,0,2.040816327,7.755102041,0.408163265,1.632653061,5.306122449,19.59183673,9.795918367,33.06122449,18.7755102,56.32653061,8.163265306,28.97959184,7.755102041,28.16326531,27.34693878,1.632653061,0.816326531
18,2.325581395,9.302325581,0,0,1.937984496,7.751937984,1.162790698,4.651162791,3.875968992,14.72868217,4.651162791,17.44186047,15.89147287,48.4496124,4.651162791,17.44186047,0.387596899,1.550387597,25.96899225,0,0.387596899
19,1.659751037,6.639004149,0.829875519,3.319502075,1.244813278,4.979253112,1.244813278,4.979253112,4.979253112,18.67219917,6.22406639,19.08713693,20.33195021,56.43153527,2.904564315,11.61825726,2.074688797,8.298755187,29.04564315,0.829875519,0
20,0.418410042,1.673640167,0.418410042,1.673640167,1.255230126,5.020920502,0,0,8.368200837,28.45188285,17.9916318,56.48535565,12.9707113,40.16736402,7.531380753,27.61506276,12.55230126,43.93305439,25.10460251,11.29707113,5.020920502
21,0.836820084,3.347280335,0.418410042,1.673640167,1.255230126,4.184100418,0.836820084,3.347280335,9.623430962,34.30962343,15.89958159,52.30125523,15.48117155,46.0251046,6.276150628,24.26778243,11.29707113,37.65690377,21.75732218,6.694560669,2.510460251
22,1.915708812,6.896551724,1.149425287,4.597701149,4.214559387,14.17624521,1.149425287,4.597701149,6.130268199,21.4559387,13.40996169,42.14559387,17.24137931,54.02298851,8.812260536,31.80076628,9.195402299,32.56704981,26.43678161,2.681992337,0.766283525
23,1.960784314,7.843137255,0.980392157,3.921568627,3.18627451,11.76470588,0.980392157,3.921568627,8.578431373,29.41176471,11.51960784,38.97058824,17.40196078,48.7745098,3.676470588,13.23529412,10.78431373,36.2745098,28.18627451,5.637254902,2.205882353
24,3.493449782,13.31877729,1.091703057,4.366812227,4.148471616,15.72052402,0.873362445,3.27510917,6.550218341,22.48908297,17.2489083,51.09170306,16.15720524,51.74672489,6.113537118,22.27074236,13.97379913,45.63318777,25.54585153,4.585152838,1.310043668
25,3.326403326,12.26611227,1.663201663,6.652806653,1.455301455,5.821205821,2.286902287,9.147609148,4.781704782,19.12681913,9.355509356,31.80873181,17.46361746,51.35135135,4.158004158,15.59251559,4.573804574,16.21621622,27.65072765,2.494802495,1.03950104
26,4.365079365,16.07142857,1.19047619,4.761904762,2.976190476,11.50793651,0.396825397,1.587301587,6.349206349,23.61111111,13.0952381,41.46825397,16.86507937,50.79365079,4.166666667,15.07936508,8.531746032,29.36507937,26.58730159,6.944444444,1.587301587
27,1.834862385,6.422018349,1.834862385,7.339449541,2.752293578,11.00917431,0.917431193,3.669724771,9.174311927,26.60550459,15.59633028,45.87155963,9.174311927,32.11009174,0.917431193,3.669724771,10.09174312,32.11009174,22.93577982,4.587155963,0
28,2.487562189,9.950248756,1.492537313,5.472636816,4.47761194,16.91542289,0.995024876,3.980099502,6.965174129,27.36318408,11.94029851,40.29850746,21.89054726,66.66666667,4.47761194,16.41791045,8.955223881,33.33333333,30.34825871,4.47761194,0.995024876
29,3.571428571,14.28571429,1.587301587,5.952380952,5.555555556,21.42857143,1.19047619,4.761904762,12.6984127,46.42857143,7.142857143,25.79365079,18.65079365,52.77777778,5.555555556,19.44444444,6.746031746,25.3968254,28.57142857,0.793650794,0
30,2.654867257,10.61946903,1.769911504,7.079646018,6.194690265,23.00884956,1.769911504,7.079646018,12.38938053,40.26548673,7.079646018,23.45132743,19.02654867,57.96460177,6.637168142,23.89380531,5.752212389,21.23893805,30.08849558,0.884955752,1.327433628
31,1.930501931,7.335907336,3.474903475,12.35521236,5.405405405,20.07722008,1.158301158,4.633204633,13.12741313,45.55984556,7.335907336,23.16602317,12.74131274,40.15444015,5.791505792,19.69111969,4.633204633,17.37451737,26.25482625,0.772200772,0.772200772
32,2.016129032,7.258064516,0.806451613,3.225806452,1.612903226,6.048387097,0.806451613,3.225806452,5.241935484,19.35483871,17.74193548,53.22580645,22.17741935,58.46774194,7.258064516,24.59677419,9.677419355,31.85483871,30.24193548,4.032258065,1.612903226
33,4.444444444,17.77777778,5.185185185,18.51851852,0.740740741,1.481481481,0,0,6.666666667,22.22222222,14.81481481,43.7037037,20.74074074,60,4.444444444,14.81481481,4.444444444,17.03703704,31.11111111,1.481481481,0
34,2.325581395,8.637873754,0.332225914,1.328903654,1.328903654,5.315614618,0.664451827,2.657807309,3.65448505,14.28571429,6.976744186,24.58471761,14.28571429,45.18272425,3.65448505,13.62126246,5.315614618,18.27242525,22.92358804,1.328903654,0
35,1.876675603,6.970509383,0.536193029,2.144772118,7.774798928,28.15013405,1.340482574,5.361930295,10.18766756,34.31635389,8.310991957,27.61394102,15.81769437,51.20643432,3.217158177,12.60053619,3.485254692,12.60053619,30.8310992,0,1.876675603
36,3.448275862,13.30049261,0.985221675,3.9408867,3.9408867,15.27093596,1.477832512,4.926108374,3.9408867,14.77832512,13.79310345,43.34975369,22.66009852,67.98029557,3.448275862,13.30049261,15.7635468,53.20197044,26.10837438,1.477832512,0
37,1.960784314,7.843137255,0.392156863,1.568627451,5.882352941,21.17647059,1.960784314,7.843137255,9.803921569,36.8627451,9.411764706,35.29411765,19.60784314,55.29411765,2.745098039,10.58823529,14.50980392,49.01960784,35.29411765,7.450980392,0.392156863
38,2.222222222,8.888888889,1.666666667,6.666666667,3.333333333,13.33333333,3.888888889,15.55555556,8.333333333,32.77777778,13.88888889,43.33333333,12.22222222,40.55555556,4.444444444,15,12.77777778,41.66666667,20,2.777777778,1.666666667
39,2.593659942,9.798270893,3.170028818,12.1037464,7.492795389,25.36023055,0.288184438,1.152737752,13.25648415,38.90489914,7.204610951,23.05475504,15.27377522,45.53314121,0.864553314,3.458213256,6.340057637,21.90201729,28.8184438,2.305475504,0.864553314
40,0.4,1.6,1.2,4,2.8,11.2,0.8,2.8,6.4,22.4,14,44.8,15.6,46.4,5.6,20.8,11.2,36.4,25.6,4.8,1.2
41,1.754385965,7.01754386,0.292397661,1.169590643,2.631578947,10.52631579,0.292397661,1.169590643,7.894736842,27.48538012,12.28070175,40.35087719,16.95906433,48.5380117,6.140350877,18.71345029,11.69590643,38.59649123,28.07017544,1.754385965,2.046783626
42,0.6,2.4,0.4,1.6,1.4,5.6,0.8,3.2,4.6,16,11.8,39.2,16.8,48.2,3.4,11.4,13.6,41.8,23.4,0.6,1.4
43,3.546099291,13.4751773,0,0,2.127659574,8.510638298,0.709219858,2.836879433,2.836879433,9.929078014,13.4751773,39.71631206,19.14893617,55.31914894,4.255319149,14.18439716,14.18439716,36.87943262,29.78723404,4.255319149,1.418439716
44,1.877934272,7.511737089,0.469483568,1.877934272,4.694835681,17.84037559,0.469483568,1.877934272,10.3286385,36.15023474,13.61502347,44.1314554,12.67605634,40.84507042,2.816901408,11.26760563,16.43192488,50.70422535,30.51643192,4.694835681,4.694835681
45,0,0,1.327433628,5.309734513,0.884955752,3.539823009,0.442477876,1.769911504,3.097345133,12.38938053,14.60176991,46.46017699,14.60176991,43.80530973,6.194690265,21.23893805,7.079646018,26.99115044,26.99115044,3.539823009,2.654867257
46,1.223776224,4.895104895,1.398601399,5.594405594,2.272727273,8.916083916,1.223776224,4.545454545,5.769230769,21.85314685,12.58741259,40.73426573,14.16083916,44.58041958,4.195804196,15.90909091,7.167832168,25.52447552,31.99300699,3.496503497,2.622377622
47,1.312910284,5.251641138,0.875273523,3.501094092,0.656455142,2.625820569,1.969365427,7.221006565,3.282275711,12.4726477,12.25382932,39.38730853,17.50547046,52.51641138,6.564551422,23.19474836,10.06564551,35.44857768,25.60175055,5.470459519,2.625820569
48,2.282157676,8.921161826,0.829875519,3.319502075,1.867219917,7.468879668,0.829875519,3.319502075,4.149377593,15.56016598,6.01659751,19.70954357,13.69294606,42.32365145,6.43153527,23.02904564,2.074688797,7.053941909,15.97510373,5.394190871,2.074688797
49,0.682593857,2.730375427,0,0,2.730375427,10.58020478,0.682593857,2.730375427,5.802047782,20.13651877,9.556313993,34.81228669,14.67576792,44.70989761,6.825938567,24.23208191,4.436860068,16.38225256,26.62116041,3.071672355,3.754266212
50,2.888888889,10.88888889,0.888888889,3.111111111,3.555555556,14.22222222,0.666666667,2.222222222,6.444444444,23.77777778,10.22222222,34,13.77777778,45.11111111,6,22.22222222,5.333333333,19.33333333,22.66666667,3.111111111,3.333333333
51,1.799485861,6.16966581,1.285347044,4.370179949,2.570694087,9.768637532,0.257069409,1.028277635,9.254498715,32.13367609,11.05398458,37.01799486,13.36760925,41.38817481,4.884318766,17.48071979,6.16966581,23.3933162,26.22107969,3.856041131,3.856041131
52,2.288329519,9.153318078,0.915331808,3.661327231,3.203661327,12.35697941,0.686498856,2.745995423,5.263157895,20.13729977,16.47597254,51.25858124,15.56064073,46.6819222,5.263157895,19.22196796,11.8993135,39.13043478,18.53546911,3.203661327,4.805491991
53,2.281368821,8.745247148,0.380228137,1.520912548,3.041825095,11.02661597,1.520912548,5.703422053,7.224334601,25.09505703,11.02661597,36.121673,23.19391635,63.11787072,6.08365019,22.43346008,12.92775665,42.58555133,29.27756654,0.760456274,1.901140684
54,0.869565217,3.47826087,0,0,3.47826087,12.17391304,0.869565217,3.47826087,4.347826087,17.39130435,12.17391304,29.56521739,18.26086957,57.39130435,3.47826087,11.30434783,13.04347826,44.34782609,19.13043478,1.739130435,3.47826087
55,1.867572156,7.470288625,1.188455008,4.753820034,2.037351443,7.979626486,3.056027165,11.54499151,2.546689304,9.168081494,11.20543294,36.16298812,16.97792869,50.93378608,6.960950764,23.59932088,9.337860781,33.10696095,23.25976231,1.188455008,1.697792869
56,1.751824818,6.569343066,1.897810219,7.445255474,2.919708029,11.38686131,2.335766423,8.759124088,4.817518248,18.54014599,9.489051095,33.57664234,18.97810219,56.64233577,5.401459854,19.5620438,9.051094891,30.80291971,24.37956204,0.437956204,2.335766423
57,2.597402597,9.956709957,1.298701299,5.194805195,3.03030303,12.12121212,1.731601732,6.060606061,6.060606061,21.64502165,11.25541126,37.22943723,21.64502165,57.57575758,6.060606061,22.94372294,11.68831169,39.39393939,30.3030303,2.164502165,0.432900433
58,2.8,11.2,0,0,2,8,0,0,3.6,14,10,36.4,20.8,59.2,4.4,14,14.4,44.4,24,2.4,1.6
59,2.283105023,9.132420091,0.913242009,3.196347032,2.739726027,9.817351598,2.283105023,9.132420091,5.936073059,22.14611872,10.2739726,31.96347032,22.14611872,65.29680365,5.479452055,20.0913242,10.50228311,36.75799087,26.48401826,1.826484018,1.826484018
60,3.773584906,14.1509434,0.471698113,1.886792453,2.358490566,9.433962264,1.41509434,5.660377358,4.716981132,16.50943396,10.8490566,36.32075472,19.33962264,58.96226415,4.245283019,16.03773585,11.79245283,40.56603774,28.77358491,1.41509434,1.886792453
61,3.381642512,13.52657005,1.449275362,5.797101449,2.415458937,8.695652174,0.483091787,1.93236715,5.797101449,21.73913043,12.56038647,38.16425121,21.73913043,62.31884058,3.8647343,15.4589372,14.00966184,40.57971014,31.40096618,1.93236715,0.483091787
62,2.33463035,9.338521401,0.778210117,2.33463035,1.556420233,6.225680934,0.778210117,3.112840467,3.501945525,14.0077821,14.0077821,42.80155642,23.73540856,61.47859922,8.560311284,30.73929961,11.28404669,35.01945525,26.84824903,5.058365759,0
63,3.720930233,14.88372093,0.465116279,1.860465116,1.860465116,7.441860465,1.860465116,7.441860465,5.11627907,19.53488372,13.48837209,46.04651163,22.79069767,61.86046512,8.837209302,28.8372093,9.76744186,30.23255814,30.23255814,4.651162791,1.395348837
64,1.114206128,4.178272981,0.278551532,1.114206128,1.39275766,5.571030641,0.278551532,1.114206128,5.292479109,18.94150418,9.749303621,33.70473538,17.54874652,52.92479109,4.178272981,14.7632312,8.913649025,30.36211699,29.80501393,5.571030641,1.114206128
65,2.392344498,9.56937799,1.435406699,5.741626794,3.349282297,12.44019139,0.956937799,3.827751196,7.655502392,29.18660287,16.74641148,55.98086124,14.83253589,50.71770335,4.784688995,17.22488038,13.87559809,46.41148325,31.10047847,3.349282297,1.913875598
66,1.838235294,7.352941176,0.735294118,2.941176471,1.838235294,6.985294118,1.470588235,5.514705882,5.514705882,20.58823529,5.147058824,18.38235294,12.86764706,43.01470588,1.838235294,7.352941176,6.617647059,23.89705882,14.70588235,0.735294118,0
67,4.195804196,16.43356643,0.524475524,2.097902098,2.272727273,8.741258741,2.797202797,11.01398601,3.846153846,14.51048951,6.643356643,22.37762238,17.30769231,53.84615385,4.545454545,17.30769231,8.216783217,29.8951049,20.45454545,0.524475524,0
68,1.554404145,5.699481865,1.03626943,4.14507772,3.886010363,15.28497409,2.07253886,7.512953368,7.25388601,26.16580311,8.808290155,30.56994819,18.65284974,58.5492228,2.849740933,10.88082902,12.69430052,43.78238342,23.05699482,5.440414508,2.331606218
69,2.614379085,10.45751634,2.614379085,8.496732026,3.267973856,13.07189542,2.614379085,10.45751634,1.960784314,7.189542484,13.7254902,46.40522876,17.64705882,52.2875817,7.189542484,26.14379085,4.575163399,16.99346405,18.30065359,1.960784314,0
70,1.860465116,7.441860465,1.395348837,5.581395349,1.860465116,7.441860465,0.465116279,1.860465116,6.511627907,21.86046512,6.511627907,24.65116279,14.88372093,45.11627907,6.046511628,20,5.581395349,20.93023256,29.30232558,1.395348837,0
71,1.949860724,7.799442897,1.39275766,5.571030641,3.621169916,13.37047354,0.278551532,1.114206128,5.013927577,18.94150418,8.635097493,30.64066852,11.97771588,40.94707521,3.064066852,10.86350975,6.685236769,24.51253482,25.62674095,3.342618384,0.278551532
72,1.115241636,4.460966543,1.486988848,5.204460967,4.089219331,16.35687732,0.743494424,2.973977695,8.550185874,31.2267658,13.01115242,40.5204461,16.35687732,50.92936803,2.973977695,11.15241636,12.6394052,41.63568773,28.62453532,4.460966543,1.115241636
73,2.392344498,9.56937799,0.956937799,3.827751196,2.392344498,9.56937799,0,0,5.263157895,20.57416268,12.91866029,43.54066986,13.39712919,44.01913876,7.655502392,24.88038278,6.220095694,21.05263158,20.09569378,2.870813397,2.870813397
74,0.465116279,1.860465116,0.930232558,3.720930233,2.325581395,9.302325581,0.930232558,3.720930233,6.511627907,23.72093023,14.88372093,45.11627907,13.02325581,42.79069767,3.255813953,12.09302326,11.62790698,38.13953488,23.72093023,7.906976744,1.395348837
75,2.164502165,8.225108225,0.865800866,3.463203463,3.896103896,15.15151515,0,0,9.090909091,34.63203463,19.91341991,58.87445887,12.98701299,38.52813853,8.225108225,26.83982684,11.68831169,38.96103896,28.13852814,5.627705628,2.597402597
76,1.666666667,6.666666667,2.777777778,11.11111111,5,18.33333333,2.222222222,8.888888889,11.11111111,37.77777778,17.77777778,55,17.22222222,50,7.777777778,25.55555556,11.11111111,39.44444444,31.11111111,1.666666667,1.666666667
77,1.331114809,4.991680532,1.996672213,7.65391015,5.158069884,19.96672213,0.665557404,2.662229617,10.98169717,37.7703827,9.484193012,32.11314476,9.983361065,34.10981697,3.161397671,12.31281198,5.657237937,19.46755408,23.1281198,4.492512479,1.164725458
78,2.739726027,10.50228311,0.456621005,1.826484018,7.762557078,29.22374429,1.369863014,4.566210046,13.69863014,46.57534247,7.762557078,24.20091324,12.78538813,43.37899543,4.109589041,15.98173516,7.305936073,23.28767123,32.42009132,2.739726027,1.826484018
79,2.162162162,8.648648649,0.540540541,2.162162162,5.945945946,21.08108108,0,0,9.72972973,35.67567568,7.567567568,27.56756757,10.27027027,32.43243243,0,0,12.97297297,42.7027027,27.02702703,2.702702703,2.702702703
80,0,0,0,0,5,20,1.666666667,6.666666667,11.66666667,41.66666667,6.666666667,23.33333333,21.66666667,65,5,20,10,33.33333333,43.33333333,8.333333333,6.666666667
81,0,0,0.473933649,1.895734597,2.369668246,9.478672986,0,0,6.161137441,21.32701422,4.265402844,16.11374408,11.37440758,36.492891,7.109004739,24.64454976,1.421800948,5.687203791,34.5971564,1.895734597,2.369668246
82,1.930501931,7.722007722,0.386100386,1.544401544,4.247104247,16.21621622,0,0,6.177606178,23.16602317,3.088803089,11.58301158,14.28571429,44.01544402,5.791505792,21.62162162,1.158301158,4.633204633,24.71042471,5.405405405,0.772200772
83,1.265822785,5.063291139,1.898734177,6.329113924,5.063291139,16.4556962,0.632911392,2.53164557,10.12658228,32.91139241,3.797468354,15.18987342,5.063291139,17.08860759,0,0,5.063291139,18.98734177,24.6835443,4.430379747,0
84,2.933333333,11.2,1.066666667,3.466666667,6.666666667,25.06666667,2.4,9.6,9.866666667,33.06666667,7.2,24,17.33333333,50.4,5.6,20.26666667,5.333333333,17.6,24,2.933333333,2.4
85,0.591715976,2.366863905,0,0,1.183431953,4.733727811,0,0,4.142011834,15.38461538,5.325443787,18.93491124,8.284023669,28.99408284,4.142011834,14.20118343,2.366863905,8.875739645,10.0591716,10.0591716,0
86,1.840490798,6.134969325,0.613496933,2.45398773,5.521472393,21.47239264,0,0,7.36196319,26.99386503,7.975460123,26.99386503,7.975460123,26.3803681,4.294478528,15.95092025,1.840490798,7.36196319,24.5398773,4.90797546,2.45398773
87,1.320754717,5.094339623,1.509433962,6.037735849,0.943396226,3.773584906,1.320754717,5.283018868,2.452830189,9.245283019,6.41509434,21.13207547,9.622641509,33.39622642,6.981132075,26.03773585,3.58490566,12.64150943,21.13207547,3.20754717,2.075471698
88,1.307189542,4.575163399,0.435729847,1.74291939,1.74291939,6.535947712,0.653594771,2.614379085,8.278867102,29.41176471,10.89324619,38.34422658,16.33986928,48.80174292,6.753812636,23.74727669,11.98257081,39.21568627,20.26143791,10.45751634,1.74291939
89,1.801801802,7.207207207,0,0,5.405405405,20.72072072,0,0,10.81081081,32.43243243,4.504504505,18.01801802,11.71171171,36.93693694,1.801801802,6.306306306,6.306306306,23.42342342,30.63063063,4.504504505,0.900900901
90,0,0,0.67114094,2.684563758,2.684563758,10.06711409,0.67114094,2.684563758,12.08053691,40.93959732,8.724832215,27.51677852,5.369127517,18.79194631,2.684563758,10.73825503,11.40939597,35.5704698,24.83221477,4.697986577,3.355704698
91,1.538461538,6.153846154,1.923076923,7.692307692,5.384615385,20.76923077,1.538461538,6.153846154,10.76923077,36.92307692,6.153846154,21.53846154,12.30769231,39.23076923,1.153846154,4.615384615,8.461538462,26.15384615,21.53846154,8.076923077,1.538461538
92,1.84501845,7.380073801,0.73800738,2.95202952,2.95202952,11.80811808,0.36900369,1.47601476,9.225092251,32.10332103,8.118081181,29.15129151,10.70110701,35.42435424,2.95202952,11.80811808,8.487084871,29.88929889,14.39114391,10.33210332,1.84501845
93,1.716738197,6.86695279,0.858369099,3.433476395,6.008583691,21.88841202,1.287553648,5.150214592,10.72961373,36.90987124,8.154506438,27.46781116,4.291845494,15.45064378,2.575107296,9.442060086,3.004291845,9.442060086,27.03862661,4.721030043,7.296137339
94,1.111111111,4.444444444,0,0,3.888888889,14.44444444,0.555555556,2.222222222,6.666666667,25.55555556,7.222222222,26.11111111,7.222222222,23.33333333,6.666666667,23.33333333,5,18.33333333,20.55555556,3.888888889,2.222222222
95,0,0,0,0,0.67114094,2.684563758,0,0,2.348993289,8.724832215,3.691275168,14.76510067,7.382550336,25.5033557,4.362416107,16.10738255,3.691275168,14.76510067,23.15436242,3.020134228,4.026845638
96,1.369863014,5.479452055,0,0,4.109589041,15.06849315,2.739726027,10.95890411,12.32876712,43.83561644,4.109589041,16.43835616,12.32876712,43.83561644,2.739726027,10.95890411,6.849315068,21.91780822,24.65753425,2.739726027,0
97,0,0,0.531914894,2.127659574,4.787234043,19.14893617,2.127659574,8.510638298,10.63829787,38.82978723,12.76595745,43.61702128,12.23404255,38.82978723,1.595744681,6.382978723,14.36170213,46.27659574,24.46808511,15.42553191,4.255319149
98,0,0,1.379310345,5.517241379,3.67816092,14.02298851,3.448275862,13.56321839,7.586206897,25.74712644,6.206896552,22.06896552,20.22988506,56.09195402,2.988505747,11.72413793,11.26436782,37.47126437,28.73563218,5.287356322,2.988505747
99,2.575107296,10.30042918,0.858369099,2.575107296,5.579399142,19.31330472,0.429184549,1.716738197,9.442060086,33.47639485,8.583690987,30.90128755,14.59227468,43.77682403,2.145922747,8.583690987,5.579399142,21.88841202,23.17596567,4.291845494,0.429184549
100,0.952380952,3.80952381,0,0,5.714285714,20.95238095,0.952380952,3.80952381,6.666666667,24.76190476,7.619047619,28.57142857,10.47619048,31.42857143,1.904761905,7.619047619,7.619047619,28.57142857,26.66666667,5.714285714,2.857142857
101,2.898550725,10.86956522,0.362318841,1.449275362,3.623188406,14.49275362,2.173913043,8.695652174,10.14492754,35.86956522,10.86956522,35.86956522,12.31884058,36.95652174,4.710144928,15.57971014,5.797101449,23.1884058,22.10144928,7.971014493,1.086956522
102,0.534759358,2.139037433,1.069518717,4.278074866,7.486631016,27.27272727,0.534759358,2.139037433,12.8342246,42.78074866,5.882352941,22.45989305,12.29946524,38.5026738,1.069518717,4.278074866,8.021390374,29.94652406,28.34224599,2.139037433,5.347593583
103,2.293577982,9.174311927,0.458715596,1.834862385,6.422018349,23.39449541,0.917431193,3.669724771,7.798165138,27.98165138,6.880733945,25.68807339,9.633027523,31.19266055,5.04587156,19.26605505,5.963302752,19.26605505,28.89908257,1.834862385,13.76146789
104,0.555555556,2.222222222,0,0,3.888888889,13.88888889,1.111111111,4.444444444,11.66666667,39.44444444,2.777777778,11.11111111,5.555555556,21.66666667,1.666666667,6.111111111,0,0,20.55555556,1.111111111,6.111111111
105,1.449275362,4.830917874,1.449275362,5.797101449,3.8647343,14.97584541,2.898550725,11.5942029,12.56038647,42.99516908,8.212560386,27.0531401,14.49275362,47.82608696,2.898550725,9.661835749,6.763285024,24.63768116,26.57004831,6.280193237,4.347826087
106,1.379310345,5.517241379,0.689655172,2.75862069,4.137931034,15.17241379,0,0,10.34482759,34.48275862,5.517241379,21.37931034,8.275862069,29.65517241,2.068965517,8.275862069,3.448275862,13.10344828,24.13793103,8.275862069,7.586206897
107,2.976190476,10.71428571,0,0,4.166666667,15.47619048,0,0,14.88095238,50,9.523809524,32.73809524,12.5,43.45238095,4.761904762,16.07142857,2.976190476,10.11904762,25,4.166666667,3.571428571
108,1.123595506,4.119850187,0.74906367,2.996254682,3.370786517,13.48314607,1.685393258,6.741573034,8.052434457,28.83895131,11.98501873,41.01123596,16.66666667,52.05992509,4.68164794,17.41573034,11.23595506,38.38951311,24.90636704,6.367041199,1.310861423
109,0,0,0.81300813,3.25203252,1.62601626,6.504065041,0,0,7.317073171,26.01626016,8.943089431,22.76422764,13.00813008,42.27642276,4.06504065,14.63414634,3.25203252,12.19512195,25.20325203,0.81300813,2.43902439
110,1.913875598,7.655502392,0.4784689,1.913875598,1.435406699,5.741626794,3.827751196,15.31100478,4.306220096,15.78947368,5.263157895,19.13875598,20.57416268,57.41626794,1.435406699,5.741626794,11.48325359,41.14832536,28.22966507,7.177033493,2.392344498
111,1.776649746,6.598984772,0.253807107,1.015228426,1.52284264,5.329949239,1.269035533,4.568527919,4.314720812,15.4822335,6.852791878,23.35025381,17.00507614,51.26903553,8.629441624,29.18781726,4.060913706,13.70558376,28.68020305,1.776649746,4.314720812
112,0.925925926,3.086419753,0.617283951,2.469135802,6.172839506,22.83950617,0.617283951,2.469135802,9.87654321,33.95061728,6.481481481,24.38271605,9.87654321,31.48148148,2.160493827,8.641975309,7.407407407,26.2345679,31.79012346,4.012345679,2.469135802
113,0.904977376,3.619909502,0.452488688,1.809954751,3.619909502,14.47963801,0.452488688,1.809954751,12.21719457,43.89140271,10.40723982,37.55656109,13.12217195,40.7239819,5.882352941,22.1719457,6.787330317,23.07692308,24.88687783,8.14479638,2.262443439
114,1.209677419,4.838709677,2.016129032,7.258064516,4.435483871,16.93548387,1.209677419,4.032258065,11.69354839,37.5,10.88709677,37.90322581,12.09677419,38.70967742,6.451612903,24.19354839,6.85483871,25,19.75806452,14.51612903,2.419354839
115,3.039513678,11.55015198,2.127659574,7.902735562,5.167173252,20.06079027,1.823708207,6.686930091,5.47112462,21.27659574,7.598784195,26.13981763,13.98176292,44.98480243,6.686930091,24.62006079,3.343465046,12.15805471,27.65957447,2.431610942,1.215805471
116,1.793721973,6.278026906,0.448430493,1.793721973,4.484304933,17.93721973,2.242152466,8.071748879,12.10762332,40.80717489,8.968609865,28.69955157,9.417040359,32.28699552,1.34529148,5.381165919,8.071748879,26.9058296,23.76681614,3.139013453,1.34529148
117,0.558659218,2.234636872,0,0,3.351955307,13.40782123,0.558659218,2.234636872,8.379888268,28.49162011,11.17318436,29.05027933,12.29050279,43.57541899,7.262569832,24.58100559,5.586592179,17.87709497,28.49162011,5.027932961,2.234636872
118,0,0,1.544401544,6.177606178,0.772200772,3.088803089,1.544401544,6.177606178,1.930501931,7.722007722,5.791505792,19.69111969,10.81081081,35.13513514,3.861003861,14.28571429,1.930501931,7.722007722,24.71042471,0.772200772,0.772200772
119,0.392156863,1.176470588,1.176470588,4.705882353,6.274509804,23.52941176,0.784313725,3.137254902,9.411764706,33.33333333,7.843137255,27.45098039,11.37254902,38.82352941,5.098039216,19.60784314,3.137254902,11.76470588,27.45098039,9.019607843,5.490196078
120,3.184713376,12.7388535,0,0,8.280254777,31.21019108,0.636942675,2.547770701,13.37579618,44.58598726,10.1910828,34.39490446,10.1910828,33.75796178,0.636942675,2.547770701,14.01273885,43.94904459,33.75796178,10.82802548,3.821656051
121,0.571428571,2.285714286,1.714285714,6.857142857,2.857142857,9.142857143,4,15.42857143,8,26.85714286,7.428571429,26.28571429,19.42857143,51.42857143,4,16,13.14285714,42.28571429,29.71428571,6.285714286,4.571428571
122,1.666666667,6.666666667,1.666666667,6.666666667,2.5,10,0,0,12.5,43.33333333,7.5,28.33333333,12.5,44.16666667,1.666666667,6.666666667,7.5,27.5,25.83333333,15.83333333,5
123,1.371571072,4.987531172,0.748129676,2.992518703,1.87032419,7.10723192,0.872817955,3.366583541,6.109725686,22.06982544,4.987531172,18.0798005,12.59351621,41.89526185,4.862842893,17.95511222,3.241895262,12.21945137,23.69077307,4.987531172,3.241895262
124,0,0,1.492537313,5.223880597,2.985074627,11.94029851,2.985074627,10.44776119,5.970149254,20.14925373,3.358208955,12.68656716,16.79104478,50,3.358208955,12.68656716,4.850746269,16.79104478,25.74626866,9.701492537,3.358208955
125,0.408163265,1.632653061,0.408163265,1.632653061,6.12244898,23.26530612,1.632653061,6.530612245,12.65306122,42.85714286,10.20408163,33.46938776,14.69387755,50.20408163,4.081632653,15.51020408,8.571428571,29.79591837,29.3877551,14.69387755,1.632653061
126,1.030927835,4.12371134,0.515463918,2.06185567,4.12371134,16.49484536,1.546391753,6.18556701,13.91752577,43.81443299,11.8556701,40.20618557,12.88659794,44.32989691,2.577319588,10.30927835,8.762886598,30.92783505,25.77319588,0.515463918,2.06185567
127,0.649350649,2.597402597,0,0,7.142857143,24.67532468,0,0,12.98701299,43.50649351,7.792207792,25.32467532,18.18181818,48.7012987,1.298701299,5.194805195,5.844155844,20.12987013,29.87012987,7.142857143,5.194805195
128,1.604278075,5.882352941,0.534759358,2.139037433,6.951871658,25.6684492,1.069518717,4.278074866,13.36898396,44.9197861,10.16042781,35.29411765,10.16042781,33.15508021,1.069518717,4.278074866,3.743315508,14.97326203,29.94652406,1.069518717,7.486631016
129,2.702702703,10.81081081,1.351351351,5.405405405,8.108108108,25.67567568,0,0,8.108108108,27.02702703,5.405405405,16.21621622,12.16216216,40.54054054,1.351351351,5.405405405,0,0,20.27027027,0,1.351351351
130,2.545454545,10.18181818,2.181818182,8.727272727,2.909090909,10.18181818,1.090909091,4.363636364,9.818181818,32.72727273,6.909090909,24.72727273,10.90909091,37.09090909,0.363636364,1.454545455,6.545454545,25.09090909,28.36363636,3.272727273,1.090909091
131,2.985074627,10.44776119,0.746268657,2.985074627,5.223880597,18.65671642,1.492537313,5.970149254,14.17910448,43.28358209,8.955223881,31.34328358,11.19402985,35.82089552,5.223880597,17.1641791,7.462686567,29.10447761,24.62686567,6.71641791,3.731343284
132,1.886792453,7.232704403,0.786163522,2.830188679,1.886792453,7.547169811,0.786163522,3.144654088,4.874213836,16.98113208,13.99371069,44.96855346,17.7672956,51.57232704,6.132075472,21.3836478,9.591194969,34.11949686,24.52830189,4.245283019,3.459119497
133,1.052631579,4.210526316,0,0,5.263157895,20,0,0,13.68421053,47.36842105,10.52631579,40,13.68421053,47.36842105,4.210526316,16.84210526,5.263157895,17.89473684,15.78947368,5.263157895,4.210526316
134,0.531914894,2.127659574,0,0,4.787234043,18.08510638,1.063829787,4.255319149,7.978723404,28.19148936,4.255319149,15.42553191,9.574468085,30.85106383,3.723404255,13.82978723,2.659574468,10.63829787,26.06382979,1.063829787,6.914893617
135,1.19760479,4.790419162,0.598802395,2.395209581,4.191616766,16.76646707,0,0,7.784431138,27.54491018,5.988023952,19.16167665,11.9760479,35.32934132,2.395209581,9.580838323,7.185628743,24.5508982,31.13772455,5.988023952,4.790419162
136,1.030927835,3.951890034,0.515463918,2.06185567,5.326460481,20.6185567,1.374570447,5.154639175,14.7766323,48.45360825,12.37113402,40.89347079,15.29209622,46.39175258,4.467353952,17.01030928,10.82474227,35.05154639,31.27147766,6.013745704,3.092783505
137,2.671755725,9.541984733,1.145038168,4.580152672,4.198473282,16.03053435,0,0,8.015267176,30.15267176,8.396946565,29.77099237,16.79389313,53.05343511,3.816793893,15.26717557,10.6870229,34.35114504,29.00763359,5.72519084,1.145038168
138,2.469135802,9.87654321,1.234567901,4.938271605,6.172839506,23.45679012,1.234567901,4.938271605,14.81481481,47.5308642,8.024691358,28.39506173,13.58024691,44.44444444,4.320987654,15.43209877,9.87654321,36.41975309,21.60493827,6.172839506,3.086419753
139,1.308139535,5.23255814,2.034883721,7.848837209,6.831395349,25.29069767,0.726744186,2.906976744,14.38953488,47.6744186,11.48255814,38.08139535,12.79069767,39.24418605,3.197674419,12.35465116,10.02906977,32.84883721,30.81395349,7.412790698,4.651162791
140,3.636363636,13.33333333,0,0,3.636363636,13.93939394,0,0,6.060606061,23.03030303,11.51515152,35.75757576,17.57575758,51.51515152,6.060606061,20,9.696969697,31.51515152,23.63636364,1.212121212,2.424242424
141,1.391650099,5.566600398,0.596421471,2.385685885,2.783300199,10.53677932,0.198807157,0.795228628,4.373757455,16.89860835,3.976143141,15.30815109,10.13916501,35.38767396,3.976143141,15.10934394,2.186878728,8.747514911,23.26043738,1.192842942,2.385685885
142,1.213592233,4.854368932,2.184466019,8.737864078,6.067961165,23.54368932,0,0,14.0776699,47.08737864,9.951456311,32.76699029,11.65048544,35.4368932,2.669902913,9.708737864,8.009708738,27.66990291,25.97087379,5.339805825,2.669902913
143,0,0,1.481481481,5.925925926,5.925925926,22.22222222,2.962962963,11.85185185,11.85185185,38.51851852,8.148148148,28.88888889,17.03703704,51.11111111,5.185185185,19.25925926,5.185185185,17.77777778,22.96296296,9.62962963,5.185185185
144,1.724137931,6.896551724,0,0,4.022988506,15.51724138,1.149425287,4.597701149,11.49425287,39.65517241,6.896551724,27.5862069,13.2183908,40.22988506,2.873563218,10.34482759,7.471264368,26.43678161,24.13793103,5.172413793,4.022988506
145,1.182654402,4.730617608,0.394218134,1.576872536,3.285151117,12.87779238,0.657030223,2.628120894,6.570302234,22.73324573,3.679369251,14.06044678,10.38107753,33.90275953,3.810775296,13.92904074,3.679369251,13.5348226,23.65308804,3.022339028,4.336399474
146,0.492610837,1.97044335,2.463054187,9.852216749,0.985221675,3.9408867,0,0,9.359605911,33.00492611,6.403940887,23.15270936,11.33004926,38.91625616,0.985221675,3.9408867,7.881773399,28.57142857,29.06403941,3.9408867,7.881773399
147,2.386634845,9.546539379,0.954653938,3.818615752,3.579952267,13.60381862,1.909307876,7.637231504,3.579952267,12.64916468,9.069212411,32.93556086,15.75178998,49.88066826,5.011933174,19.33174224,5.250596659,19.80906921,14.55847255,2.386634845,7.398568019
148,0.980392157,3.921568627,0,0,4.901960784,18.62745098,0,0,13.7254902,43.1372549,10.78431373,31.37254902,14.70588235,46.07843137,0,0,14.70588235,42.15686275,29.41176471,9.803921569,1.960784314
149,0.949367089,3.797468354,0.316455696,1.265822785,3.481012658,13.92405063,1.582278481,6.329113924,4.746835443,18.03797468,6.64556962,23.10126582,12.97468354,43.03797468,2.848101266,11.39240506,7.594936709,27.53164557,20.25316456,2.53164557,0.316455696
150,1.793721973,6.950672646,2.01793722,7.847533632,4.708520179,17.71300448,0.448430493,1.793721973,5.829596413,21.52466368,5.156950673,17.04035874,10.31390135,34.52914798,5.605381166,19.95515695,4.035874439,14.57399103,30.94170404,6.278026906,4.932735426
151,2.059496568,8.009153318,1.601830664,5.949656751,5.720823799,21.28146453,2.517162471,10.06864989,7.551487414,27.68878719,5.949656751,21.51029748,13.04347826,42.56292906,5.034324943,19.67963387,2.974828375,11.8993135,29.9771167,3.661327231,3.203661327
152,2.247191011,8.988764045,2.247191011,8.988764045,3.93258427,14.60674157,1.123595506,4.494382022,6.741573034,24.71910112,12.92134831,44.38202247,11.23595506,36.51685393,3.93258427,15.73033708,12.35955056,39.88764045,16.29213483,13.48314607,2.247191011
153,1.694915254,6.779661017,0.847457627,3.389830508,8.474576271,32.20338983,0,0,10.16949153,37.28813559,2.542372881,10.16949153,9.322033898,32.20338983,0.847457627,3.389830508,4.237288136,16.10169492,33.89830508,1.694915254,5.084745763
154,1.647058824,6.588235294,0.941176471,3.529411765,3.294117647,13.17647059,1.411764706,5.647058824,11.05882353,37.41176471,6.823529412,23.52941176,11.52941176,36.23529412,2.117647059,8,7.529411765,24.94117647,23.76470588,12.23529412,3.058823529
155,1.005586592,4.022346369,0.893854749,3.575418994,1.340782123,5.139664804,1.56424581,6.033519553,5.251396648,19.10614525,5.698324022,21.00558659,13.18435754,41.00558659,5.363128492,19.88826816,3.798882682,13.63128492,21.89944134,3.463687151,1.340782123
156,2.392344498,9.56937799,2.392344498,9.56937799,2.392344498,8.612440191,2.392344498,9.090909091,6.220095694,18.66028708,9.56937799,33.49282297,11.00478469,37.79904306,2.870813397,10.04784689,6.220095694,22.48803828,24.40191388,6.698564593,2.870813397
157,1.371571072,4.987531172,0.748129676,2.992518703,1.87032419,7.10723192,0.872817955,3.366583541,6.109725686,22.06982544,4.987531172,18.0798005,12.59351621,41.89526185,4.862842893,17.95511222,3.241895262,12.21945137,23.69077307,4.987531172,3.241895262
158,1.307189542,4.575163399,0.435729847,1.74291939,1.74291939,6.535947712,0.653594771,2.614379085,8.278867102,29.41176471,10.89324619,38.34422658,16.33986928,48.80174292,6.753812636,23.74727669,11.98257081,39.21568627,20.26143791,10.45751634,1.74291939
159,0.344827586,1.379310345,2.413793103,9.655172414,3.793103448,13.79310345,0.689655172,2.75862069,11.03448276,41.03448276,8.275862069,28.96551724,10.34482759,35.86206897,2.068965517,7.931034483,11.03448276,36.55172414,26.89655172,4.827586207,2.75862069
160,3.404255319,12.9787234,1.276595745,5.106382979,3.404255319,12.9787234,1.70212766,6.808510638,6.595744681,24.25531915,16.59574468,51.27659574,25.53191489,70.21276596,7.234042553,25.31914894,7.446808511,26.38297872,28.93617021,4.468085106,0.85106383
161,2.445652174,8.967391304,1.630434783,6.52173913,3.532608696,13.58695652,0.815217391,3.260869565,9.239130435,34.7826087,5.97826087,21.73913043,11.14130435,37.77173913,2.717391304,10.32608696,3.260869565,12.5,23.91304348,9.239130435,6.52173913
162,1.923076923,7.692307692,0,0,8.461538462,32.30769231,0,0,15.76923077,51.53846154,9.615384615,33.84615385,16.92307692,51.92307692,3.461538462,13.46153846,8.461538462,31.15384615,35.38461538,14.61538462,3.846153846
163,3.381014304,12.2236671,0.78023407,3.120936281,2.080624187,8.322496749,1.300390117,4.941482445,7.412223667,25.35760728,12.61378414,43.04291287,16.38491547,52.40572172,4.031209363,15.08452536,7.932379714,28.21846554,27.69830949,8.322496749,1.56046814
164,1.347708895,5.121293801,1.078167116,3.773584906,3.504043127,13.47708895,0.808625337,3.234501348,11.32075472,38.00539084,9.164420485,32.0754717,14.55525606,44.20485175,3.773584906,14.01617251,6.199460916,22.37196765,29.11051213,4.582210243,4.312668464
165,2.597402597,9.87012987,0.779220779,3.116883117,4.415584416,15.58441558,1.818181818,6.493506494,7.272727273,25.97402597,6.493506494,22.5974026,11.94805195,38.96103896,4.935064935,17.4025974,3.116883117,11.94805195,25.97402597,4.675324675,4.675324675
166,2.209944751,8.287292818,2.209944751,8.839779006,4.419889503,17.12707182,1.657458564,6.629834254,9.392265193,32.59668508,6.629834254,23.75690608,9.392265193,30.38674033,1.657458564,6.629834254,5.524861878,20.99447514,31.49171271,2.762430939,1.104972376
167,1.428571429,5.714285714,2.142857143,8.571428571,2.857142857,10.71428571,0,0,9.285714286,32.85714286,3.571428571,12.85714286,6.428571429,22.85714286,2.857142857,10,5,18.57142857,20.71428571,2.857142857,1.428571429
168,1.01010101,4.04040404,1.01010101,4.04040404,4.545454545,16.66666667,0,0,9.090909091,32.82828283,11.11111111,39.39393939,9.090909091,30.3030303,8.585858586,30.3030303,6.565656566,23.73737374,20.2020202,4.04040404,1.515151515
169,1.160092807,4.64037123,0.696055684,2.784222738,2.320185615,8.816705336,0.464037123,1.856148492,6.728538283,24.36194896,5.104408353,16.47331787,7.192575406,26.45011601,1.856148492,6.960556845,5.800464037,19.95359629,20.64965197,5.800464037,2.088167053
170,1.176470588,4.705882353,0.392156863,1.568627451,1.960784314,7.843137255,0,0,6.274509804,21.96078431,7.058823529,26.2745098,11.37254902,37.25490196,4.31372549,17.25490196,7.058823529,24.31372549,25.09803922,2.745098039,2.745098039
171,0.37037037,1.481481481,1.111111111,4.444444444,4.074074074,15.92592593,0.37037037,1.481481481,7.037037037,26.2962963,5.925925926,19.62962963,8.518518519,30,2.222222222,8.888888889,8.148148148,26.2962963,30.37037037,1.481481481,3.703703704
172,0.308641975,1.234567901,1.234567901,4.938271605,5.24691358,20.0617284,2.160493827,8.641975309,8.641975309,30.86419753,11.41975309,35.80246914,15.74074074,48.45679012,5.24691358,20.67901235,9.259259259,31.48148148,28.08641975,5.555555556,1.234567901
173,0.862068966,3.448275862,0,0,2.586206897,10.34482759,0,0,6.034482759,21.55172414,6.896551724,24.13793103,12.93103448,44.82758621,4.310344828,16.37931034,8.620689655,29.31034483,33.62068966,9.482758621,2.586206897
174,0.613496933,2.45398773,0.204498978,0.81799591,3.476482618,13.08793456,2.249488753,8.99795501,7.975460123,28.42535787,9.202453988,31.90184049,11.04294479,35.78732106,3.476482618,13.29243354,7.157464213,25.76687117,22.29038855,7.770961145,2.044989775
175,1.550387597,6.201550388,0.775193798,3.100775194,6.976744186,26.74418605,0.775193798,3.100775194,10.07751938,37.59689922,9.689922481,33.72093023,6.589147287,24.03100775,1.937984496,7.751937984,6.589147287,22.09302326,28.68217054,2.713178295,2.713178295
176,3.009259259,11.34259259,0.925925926,3.703703704,5.787037037,21.2962963,0.925925926,3.240740741,10.18518519,34.49074074,12.26851852,39.35185185,16.66666667,49.30555556,4.398148148,17.36111111,6.25,21.52777778,29.39814815,3.240740741,2.546296296
177,0.900900901,3.603603604,0.600600601,2.402402402,3.903903904,13.81381381,0,0,6.306306306,24.02402402,12.01201201,39.33933934,13.21321321,40.24024024,10.51051051,36.63663664,4.504504505,16.81681682,23.72372372,1.201201201,3.603603604
178,1.094890511,4.01459854,0,0,3.649635036,13.86861314,0.364963504,1.459854015,7.664233577,27.37226277,11.67883212,40.87591241,14.59854015,50.3649635,4.744525547,17.15328467,8.02919708,28.46715328,25.18248175,1.423487544,3.202846975
179,0,0,0.507614213,2.030456853,2.538071066,10.15228426,0.507614213,2.030456853,5.076142132,19.79695431,6.091370558,19.79695431,13.19796954,46.1928934,3.553299492,13.70558376,4.568527919,16.75126904,29.94923858,1.01010101,5.555555556
180,2.845528455,10.56910569,0.81300813,3.25203252,7.317073171,28.86178862,0.81300813,3.25203252,10.16260163,36.58536585,6.910569106,24.79674797,11.78861789,42.27642276,4.471544715,15.85365854,2.845528455,11.38211382,28.86178862,0.389105058,0.389105058
181,0.852272727,3.409090909,0,0,5.681818182,20.73863636,0.568181818,2.272727273,6.25,21.59090909,6.818181818,23.57954545,15.34090909,48.57954545,5.965909091,22.72727273,2.556818182,9.943181818,30.68181818,1.983002833,0.566572238
182,3.097345133,11.94690265,0.442477876,1.769911504,3.982300885,15.48672566,0.884955752,3.539823009,4.424778761,16.37168142,3.982300885,15.48672566,15.48672566,48.2300885,4.424778761,17.69911504,1.769911504,5.752212389,30.53097345,2.173913043,0.434782609
183,1.675977654,6.703910615,2.234636872,8.938547486,6.703910615,24.58100559,2.234636872,8.938547486,11.73184358,39.10614525,3.910614525,13.40782123,13.96648045,49.16201117,1.675977654,6.703910615,5.027932961,16.20111732,27.93296089,1.648351648,1.098901099
184,2.48447205,8.695652174,3.105590062,12.42236025,3.726708075,14.9068323,0,0,11.18012422,38.50931677,4.347826087,15.52795031,16.77018634,47.82608696,2.48447205,9.937888199,5.590062112,21.11801242,24.22360248,0.617283951,0.617283951
185,3.370786517,13.48314607,0.561797753,2.247191011,2.808988764,11.23595506,2.247191011,8.988764045,6.179775281,23.59550562,6.179775281,21.91011236,23.03370787,65.73033708,1.685393258,6.741573034,5.056179775,19.66292135,24.71910112,0,0.561797753
186,1.240694789,4.962779156,4.218362283,16.37717122,5.210918114,18.36228288,1.488833747,5.955334988,11.91066998,38.46153846,4.466501241,16.62531017,13.15136476,43.17617866,0.992555831,3.970223325,5.955334988,21.58808933,29.28039702,1.228501229,1.474201474
187,1.002004008,4.008016032,1.20240481,4.809619238,2.404809619,9.619238477,2.004008016,8.016032064,4.408817635,16.43286573,9.819639279,31.66332665,16.63326653,50.1002004,6.012024048,22.04408818,7.214428858,24.4488978,29.65931864,1.402805611,1.002004008
188,1.97044335,7.881773399,5.418719212,18.71921182,4.433497537,16.25615764,0.492610837,1.97044335,10.34482759,33.00492611,5.911330049,22.66009852,12.31527094,35.96059113,2.955665025,11.8226601,0.985221675,3.9408867,34.48275862,0,0
189,3.220338983,11.86440678,1.86440678,6.949152542,1.355932203,5.084745763,1.355932203,5.254237288,5.254237288,18.81355932,9.322033898,29.83050847,14.40677966,45.93220339,5.254237288,19.15254237,5.254237288,18.30508475,22.20338983,0.331674959,0
190,1.671309192,5.849582173,0.835654596,3.064066852,3.064066852,11.97771588,1.39275766,5.571030641,6.963788301,24.79108635,13.09192201,40.94707521,17.82729805,55.98885794,3.899721448,15.04178273,10.02785515,34.26183844,23.11977716,1.104972376,1.657458564
191,0.682593857,2.730375427,0.682593857,2.730375427,1.706484642,6.825938567,1.365187713,4.778156997,4.09556314,15.6996587,5.460750853,20.13651877,11.94539249,39.93174061,1.023890785,4.09556314,7.508532423,27.30375427,17.40614334,0.33557047,0.67114094
192,0.62305296,2.492211838,0.934579439,3.738317757,3.115264798,11.83800623,0,0,5.607476636,20.56074766,4.984423676,18.38006231,10.90342679,36.44859813,2.803738318,10.59190031,5.295950156,19.62616822,24.92211838,0.934579439,0.31152648
193,0.505050505,2.02020202,0.505050505,2.02020202,3.535353535,14.14141414,0,0,8.080808081,29.29292929,9.090909091,31.31313131,17.17171717,53.03030303,3.03030303,12.12121212,9.090909091,31.81818182,23.73737374,0,0
194,3.225806452,12.3655914,0,0,4.301075269,17.20430108,0.537634409,2.150537634,5.376344086,20.43010753,4.838709677,16.66666667,16.66666667,47.84946237,0,0,10.75268817,34.40860215,25.80645161,1.075268817,1.075268817
195,1.221374046,4.885496183,1.221374046,4.885496183,0.916030534,3.358778626,0.305343511,1.221374046,1.984732824,7.328244275,5.038167939,17.2519084,17.09923664,52.36641221,8.091603053,28.39694656,1.984732824,7.022900763,22.7480916,1.524390244,1.37195122
196,1.212121212,4.242424242,2.02020202,8.080808081,1.414141414,5.656565657,2.424242424,8.888888889,3.232323232,12.92929293,13.93939394,42.62626263,16.36363636,53.13131313,9.292929293,34.54545455,6.464646465,22.82828283,27.07070707,3.006012024,1.002004008
197,1.242236025,4.968944099,0.621118012,2.48447205,6.211180124,22.98136646,0.621118012,2.48447205,16.14906832,47.82608696,11.18012422,37.26708075,6.211180124,22.98136646,3.105590062,12.42236025,4.347826087,16.14906832,37.26708075,0,1.829268293
198,0.666666667,2.666666667,0,0,4,15.33333333,0.666666667,2.666666667,10,37.33333333,11.33333333,44,12.66666667,44.66666667,4.666666667,18.66666667,0,0,36,1.324503311,8.609271523
199,1.875,7.5,0.625,2.5,1.875,7.5,0.625,2.5,9.375,33.125,6.25,23.75,7.5,25,3.75,15,1.875,7.5,31.875,1.234567901,3.703703704
200,1.923076923,7.692307692,0.320512821,1.282051282,3.205128205,12.82051282,0.641025641,2.564102564,4.166666667,16.66666667,4.807692308,17.94871795,16.66666667,51.28205128,9.935897436,32.69230769,1.282051282,4.487179487,25.64102564,0.955414013,0.318471338
201,0,0,0,0,5.555555556,16.66666667,5.555555556,22.22222222,8.333333333,22.22222222,11.11111111,38.88888889,22.22222222,63.88888889,11.11111111,33.33333333,8.333333333,27.77777778,27.77777778,2.777777778,0
202,0.421940928,1.687763713,0.421940928,1.687763713,2.109704641,6.329113924,2.109704641,8.438818565,4.219409283,13.92405063,6.329113924,22.3628692,15.18987342,46.41350211,6.329113924,23.62869198,5.063291139,20.25316456,28.27004219,0.418410042,0.418410042
203,1.746724891,6.550218341,2.183406114,7.860262009,2.620087336,9.6069869,0.873362445,3.493449782,4.80349345,18.34061135,6.113537118,20.96069869,17.03056769,50.65502183,3.493449782,12.22707424,2.183406114,6.986899563,29.25764192,0.865800866,1.731601732
204,0.546448087,2.18579235,0.819672131,2.732240437,7.37704918,27.32240437,0.273224044,1.092896175,9.289617486,32.78688525,4.371584699,15.84699454,11.74863388,39.89071038,4.098360656,15.84699454,1.092896175,4.371584699,28.68852459,1.89701897,0.54200542
205,1.886792453,7.547169811,0.943396226,3.773584906,5.660377358,20.75471698,0,0,8.490566038,32.0754717,13.20754717,46.22641509,17.9245283,57.54716981,7.547169811,29.24528302,6.603773585,21.69811321,30.18867925,0,0
206,1.400560224,5.322128852,0.56022409,2.240896359,3.081232493,11.20448179,0.840336134,3.081232493,5.322128852,19.32773109,5.042016807,17.36694678,12.88515406,42.01680672,4.201680672,14.84593838,3.641456583,13.44537815,28.85154062,1.960784314,1.400560224
207,2.445652174,9.782608696,0.543478261,2.173913043,4.347826087,16.0326087,1.086956522,3.804347826,6.52173913,24.45652174,8.152173913,27.98913043,16.57608696,51.63043478,6.52173913,25,6.25,22.55434783,27.17391304,3.260869565,0.27173913
208,5,16.66666667,3.333333333,8.333333333,3.333333333,13.33333333,0,0,5,16.66666667,15,48.33333333,20,56.66666667,16.66666667,58.33333333,1.666666667,6.666666667,36.66666667,3.333333333,0
209,0.909090909,3.636363636,2.363636364,9.454545455,1.090909091,4,1.636363636,6.363636364,4.363636364,15.63636364,6.909090909,25.45454545,14.18181818,45.63636364,4.909090909,18.54545455,4.545454545,16.72727273,24,1.086956522,0.362318841
210,1.183431953,4.733727811,4.437869822,17.15976331,2.071005917,7.98816568,1.479289941,5.917159763,4.437869822,15.97633136,7.396449704,28.40236686,14.79289941,42.01183432,5.325443787,17.75147929,4.142011834,15.97633136,23.07692308,1.183431953,0.295857988
211,0.931677019,3.726708075,2.173913043,8.695652174,1.242236025,4.968944099,0,0,1.863354037,7.142857143,7.453416149,23.91304348,14.28571429,45.34161491,7.142857143,25.1552795,2.795031056,10.55900621,21.42857143,1.840490798,0
212,1.556420233,6.225680934,1.945525292,7.782101167,0.778210117,3.112840467,1.945525292,7.782101167,1.945525292,7.782101167,8.171206226,29.18287938,14.39688716,47.47081712,8.949416342,31.90661479,1.167315175,4.280155642,23.3463035,0.383141762,0.383141762
213,1.762114537,7.04845815,2.202643172,8.810572687,5.066079295,19.82378855,1.101321586,4.405286344,6.607929515,24.00881057,5.286343612,20.04405286,19.82378855,59.25110132,7.04845815,25.77092511,3.303964758,12.55506608,27.97356828,1.318681319,0
214,1.840490798,6.952965235,2.249488753,8.99795501,0.613496933,2.45398773,0.81799591,3.27198364,3.680981595,14.5194274,8.588957055,30.47034765,12.67893661,41.71779141,3.476482618,13.49693252,4.90797546,18.60940695,16.76891616,0.204081633,0
215,1.166180758,4.664723032,4.081632653,16.32653061,2.040816327,7.871720117,1.457725948,5.83090379,4.373177843,15.74344023,7.288629738,27.98833819,15.45189504,44.3148688,5.247813411,17.49271137,4.081632653,15.74344023,22.74052478,1.166180758,0.29154519
216,1.215805471,4.559270517,4.255319149,16.41337386,1.823708207,6.382978723,0.911854103,3.647416413,3.647416413,12.15805471,5.775075988,22.18844985,12.15805471,35.8662614,4.863221884,15.80547112,3.343465046,13.06990881,20.97264438,1.215805471,0.303951368
217,2.645502646,9.523809524,0,0,1.587301587,5.82010582,1.058201058,4.232804233,2.645502646,9.523809524,7.936507937,26.45502646,12.6984127,41.26984127,8.465608466,30.15873016,0,0,20.10582011,0,0
218,0.792079208,2.97029703,2.178217822,8.712871287,0.99009901,3.96039604,0.396039604,1.584158416,2.376237624,9.504950495,3.762376238,13.66336634,13.06930693,41.38613861,4.356435644,15.64356436,2.772277228,10.69306931,23.56435644,1.361867704,0.194552529
219,1.762114537,6.607929515,0.220264317,0.881057269,2.422907489,9.251101322,1.982378855,7.929515419,5.066079295,18.94273128,6.167400881,22.02643172,13.87665198,43.83259912,4.405286344,17.18061674,5.286343612,19.16299559,21.58590308,1.982378855,1.321585903
220,0.533807829,2.135231317,0.889679715,3.558718861,1.245551601,4.982206406,1.067615658,4.270462633,4.09252669,14.59074733,7.829181495,26.15658363,14.41281139,47.86476868,5.516014235,20.6405694,5.516014235,17.79359431,24.19928826,3.197158082,2.309058615
221,3.773584906,14.33962264,0.377358491,1.509433962,2.264150943,9.056603774,0.377358491,1.509433962,5.660377358,19.62264151,7.547169811,26.41509434,14.33962264,44.52830189,6.037735849,23.01886792,1.509433962,6.037735849,23.01886792,1.865671642,1.119402985
222,3.667481663,13.69193154,0.488997555,1.95599022,5.86797066,21.02689487,0.488997555,1.95599022,7.579462103,27.38386308,4.88997555,16.62591687,15.15892421,47.18826406,3.178484108,12.71393643,2.689486553,10.02444988,20.29339853,2.657004831,0.966183575
223,1.411764706,5.647058824,2.117647059,8.470588235,3.764705882,14.82352941,1.176470588,4.470588235,5.882352941,20.23529412,4.235294118,15.52941176,11.05882353,36.94117647,3.294117647,12.47058824,4.470588235,16.47058824,28.23529412,0.469483568,0.234741784
224,0.690846287,2.763385147,0.518134715,2.07253886,3.972366149,15.19861831,1.03626943,4.14507772,6.390328152,23.31606218,8.462867012,29.36096718,15.02590674,47.32297064,6.21761658,21.76165803,4.14507772,15.71675302,23.31606218,0.17211704,1.376936317
